date,symbol,operation,operation_type,base_asset,threshold,maker/spot_executed_price,taker/swap_executed_price,maker/spot_executed_qty,executed_volume,gain_vs_threshold,actual_return_rate,hold_duration_sec,year,month,day,hour
2026-03-03 23:06:32,GPSUSDT,open2,OPEN,GPS,-0.0016767614126605,0.00907,0.009053,1656.0,14.991768,-0.0001975495024442,-0.11781610726045409,10.442,2026,3,3,23
2026-03-03 23:06:53,ZECUSDT,open2,OPEN,ZEC,-0.0004797663488179,219.82,219.92373333333333,0.075,16.4865,8.0876820316e-06,0.016857543367781634,0.157,2026,3,3,23
2026-03-03 23:07:00,FORMUSDT,open2,OPEN,FORM,-0.0006554776296356,0.3332,0.3329,31.9,10.61951,-0.000244882514422,-0.37359400740821264,-1772579220.156,2026,3,3,23
2026-03-03 23:07:00,ZECUSDT,open2,OPEN,ZEC,-0.0004797663488179,219.9,220.0,0.028,6.1572,2.52208942725e-05,0.05256911897768978,4.424,2026,3,3,23
2026-03-03 23:07:03,FORMUSDT,open2,OPEN,FORM,-0.0006554776296356,0.3328,0.3327,60.1,19.99527,0.0003549968604048,0.541585012751928,0.01,2026,3,3,23
2026-03-03 23:07:05,FORMUSDT,open2,OPEN,FORM,-0.0007380776296356,0.3331,0.3335,60.1,20.01931,-0.0004613226702144,-0.6250327224280756,0.234,2026,3,3,23
2026-03-03 23:07:09,FORMUSDT,open2,OPEN,FORM,-0.0007380776296356,0.3334,0.333821926910299,30.1,10.03534,-0.0005258504598226,-0.7124595553481553,-1772579229.639,2026,3,3,23
2026-03-03 23:07:11,GPSUSDT,open2,OPEN,GPS,-0.0016767614126605,0.00908,0.009061,1967.0,17.822987,-0.0004157496005553,-0.24794797722332745,12.783,2026,3,3,23
2026-03-03 23:07:18,RLCUSDT,open2,OPEN,RLC,-0.0008760261969724,0.362,0.3617,15.2,5.5024,4.72969152045e-05,0.05399029774219198,0.006,2026,3,3,23
2026-03-03 23:07:21,ZECUSDT,open2,OPEN,ZEC,-0.0004795608341187,220.18,220.32,0.028,6.16504,-0.0001558785268108,-0.32504432330730587,0.203,2026,3,3,23
2026-03-03 23:07:22,GPSUSDT,open2,OPEN,GPS,-0.0014962962363677,0.00908,0.009068,606.0,5.50248,0.000174710333284,0.11676186107913637,0.005,2026,3,3,23
2026-03-03 23:07:22,ZECUSDT,open2,OPEN,ZEC,-0.0004795608341187,220.28,220.4,0.028,6.16784,-6.49037756816e-05,-0.13534002584025687,-1772579241.745,2026,3,3,23
2026-03-03 23:07:24,GPSUSDT,open2,OPEN,GPS,-0.0014962962363677,0.00908,0.009069,606.0,5.50248,0.0002848424918743,0.19036503932253612,0.005,2026,3,3,23
2026-03-03 23:07:27,ZECUSDT,open2,OPEN,ZEC,-0.0004795608341187,220.28,220.45725274725277,0.091,20.04548,-0.0003244623723935,-0.6765823005328865,-1772579245.9,2026,3,3,23
2026-03-03 23:07:34,ZECUSDT,open2,OPEN,ZEC,-0.0004795608341187,220.28,220.39,0.028,6.16784,-1.95543707453e-05,-0.0407755791426035,-1772579254.32,2026,3,3,23
2026-03-03 23:07:34,ZECUSDT,open2,OPEN,ZEC,-0.0004795608341187,220.33,220.43214285714285,0.028,6.16924,1.61853217323e-05,0.03375029940058416,-1772579254.465,2026,3,3,23
2026-03-03 23:07:41,ZECUSDT,open2,OPEN,ZEC,-0.0004795608341187,220.16,220.2745054945055,0.091,20.03456,-4.02700661864e-05,-0.08397280036516165,-1772579261.036,2026,3,3,23
2026-03-03 23:07:41,ZECUSDT,open2,OPEN,ZEC,-0.0004795608341187,220.24,220.33,0.06,13.2144,7.10826423155e-05,0.14822445299589615,0.005,2026,3,3,23
2026-03-03 23:07:57,ZECUSDT,open2,OPEN,ZEC,-0.0004795608341187,220.29,220.42,0.06,13.2174,-0.000110222307157,-0.22984009392584795,0.351,2026,3,3,23
2026-03-03 23:08:01,GPSUSDT,open2,OPEN,GPS,-0.0014962962363677,0.00908,0.009071,606.0,5.50248,0.0005051068090549,0.33757139580933554,0.006,2026,3,3,23
2026-03-03 23:08:06,ZECUSDT,open2,OPEN,ZEC,-0.0004795608341187,220.26,220.39,0.091,20.04366,-0.0001103025898115,-0.23000750262311478,-1772579283.771,2026,3,3,23
2026-03-03 23:08:16,ZECUSDT,open2,OPEN,ZEC,-0.0004795608341187,220.29,220.43,0.074,16.30146,-0.0001555614269165,-0.32438309354928624,1.711,2026,3,3,23
2026-03-03 23:08:23,GPSUSDT,open2,OPEN,GPS,-0.0016767614126605,0.00907,0.0090414,1225.0,11.075715,-0.0014764910680451,-0.8805612157440854,72.532,2026,3,3,23
2026-03-03 23:08:24,GPSUSDT,open2,OPEN,GPS,-0.0014924450296074,0.00905,0.009042,608.0,5.5024,0.0006084671290549,0.4076981845120033,0.006,2026,3,3,23
2026-03-03 23:08:30,ZECUSDT,open2,OPEN,ZEC,-0.0004804261667271,220.34,220.42,0.091,20.05094,0.0001174826951728,0.24453850208274472,-1772579304.781,2026,3,3,23
2026-03-03 23:08:37,NOMUSDT,open2,OPEN,NOM,-0.0014213868669977,0.00354,0.003535,2940.0,10.4076,8.9574884667e-06,0.006301935577623776,0.004,2026,3,3,23
2026-03-03 23:08:39,GPSUSDT,open2,OPEN,GPS,-0.0014924450296074,0.00905,0.009038,608.0,5.5024,0.0001664781787786,0.11154727676797145,0.005,2026,3,3,23
2026-03-03 23:08:40,DUSDT,open2,OPEN,D,-0.0011184692087587,0.00709,0.007075,2549.0,18.034175,-0.0009971866445557,-0.8915637880298897,57.594,2026,3,3,23
2026-03-03 23:08:43,NOMUSDT,open2,OPEN,NOM,-0.0014213868669977,0.00354,0.003535,2291.0,8.11014,8.9574884667e-06,0.006301935577623776,0.006,2026,3,3,23
2026-03-03 23:08:45,ZECUSDT,open2,OPEN,ZEC,-0.0004804261667271,220.42,220.5,0.091,20.05822,0.0001176143753438,0.24481259242194722,1.757,2026,3,3,23
2026-03-03 23:08:46,ZECUSDT,open2,OPEN,ZEC,-0.0004804261667271,220.42,220.55,0.091,20.05822,-0.0001090093354265,-0.22690132839583937,-1772579325.588,2026,3,3,23
2026-03-03 23:08:48,GPSUSDT,open2,OPEN,GPS,-0.00167181287568,0.00903,0.0090143,2215.0,19.9666745,-6.68360722711e-05,-0.039978201653647884,24.671,2026,3,3,23
2026-03-03 23:08:49,GPSUSDT,open2,OPEN,GPS,-0.00175441287568,0.009027,0.00904,1746.0,15.761142,0.0003163597783349,0.18032230766220342,0.011,2026,3,3,23
2026-03-03 23:08:52,JTOUSDT,close2,CLOSE,JTO,-0.0014919982585836,0.2765,0.2768,53.0,14.6545,-0.0004081832296819,-0.27358157245397924,-1772579332.848,2026,3,3,23
2026-03-03 23:08:59,GPSUSDT,open2,OPEN,GPS,-0.00167181287568,0.00904,0.009018,937.0,8.449866,-0.0007618154429039,-0.4556822440992602,8.437,2026,3,3,23
2026-03-03 23:09:00,GPSUSDT,open2,OPEN,GPS,-0.0014924450296074,0.00904,0.009032,1168.0,10.55872,0.000607489277395,0.407042983388678,0.006,2026,3,3,23
2026-03-03 23:09:03,GPSUSDT,open2,OPEN,GPS,-0.0014924450296074,0.00905,0.009039,608.0,5.5024,0.0002769754163477,0.18558500370399617,0.003,2026,3,3,23
2026-03-03 23:09:11,FORMUSDT,close2,CLOSE,FORM,-0.0016437938569883,0.3373,0.3374,29.6,9.98408,-0.0013474097431768,-0.8196950836922312,0.005,2026,3,3,23
2026-03-03 23:09:11,FORMUSDT,open2,OPEN,FORM,-0.0006681612654093,0.3374,0.3372,17.8,6.00216,7.53930377863e-05,0.11283658854440773,0.009,2026,3,3,23
2026-03-03 23:09:30,GPSUSDT,open2,OPEN,GPS,-0.0014889489011933,0.00906,0.009047,1657.0,15.01242,5.40703139968e-05,0.03631441881817838,0.005,2026,3,3,23
2026-03-03 23:09:32,GPSUSDT,open2,OPEN,GPS,-0.0014889489011933,0.00906,0.009049,708.0,6.41448,0.0002748208658732,0.18457373900000743,0.004,2026,3,3,23
2026-03-03 23:09:34,ZECUSDT,open2,OPEN,ZEC,-0.0004822913693543,220.42,220.55,0.06,13.2252,-0.0001071441327993,-0.22215643821855327,-1772579373.494,2026,3,3,23
2026-03-03 23:09:34,ZECUSDT,open2,OPEN,ZEC,-0.0004822913693543,220.47,220.55,0.091,20.06277,0.0001195618295674,0.2479037303269006,-1772579374.421,2026,3,3,23
2026-03-03 23:09:35,ZECUSDT,open2,OPEN,ZEC,-0.0004822913693543,220.48,220.55,0.091,20.06368,0.0001649030220407,0.34191576403590845,1.185,2026,3,3,23
2026-03-03 23:09:35,GPSUSDT,open2,OPEN,GPS,-0.0017519952477554,0.009045,0.0090575723327305,1106.0,10.00377,0.0003639486201697,0.20773379416181595,0.492,2026,3,3,23
2026-03-03 23:09:36,LDOUSDT,close2,CLOSE,LDO,-0.0012954694427458,0.3048,0.3046,78.0,23.7744,-0.0006393014637432,-0.4934901917780281,0.011,2026,3,3,23
2026-03-03 23:09:37,GPSUSDT,open2,OPEN,GPS,-0.0014889489011933,0.00906,0.009049,755.0,6.8403,0.0002748208658732,0.18457373900000743,0.005,2026,3,3,23
2026-03-03 23:09:37,GPSUSDT,open2,OPEN,GPS,-0.0014889489011933,0.00906,0.009049,653.0,5.91618,0.0002748208658732,0.18457373900000743,0.005,2026,3,3,23
2026-03-03 23:09:42,GPSUSDT,open2,OPEN,GPS,-0.0017519952477554,0.009056,0.00907,1319.0,11.944864,0.000208445082375,0.11897582635686547,0.011,2026,3,3,23
2026-03-03 23:09:44,SCRTUSDT,open2,OPEN,SCRT,-0.0017760319562552,0.0733,0.0735,273.0,20.0109,-0.0009450564791188,-0.5321168213163636,-1772579191.031,2026,3,3,23
2026-03-03 23:09:55,ZECUSDT,open2,OPEN,ZEC,-0.0004822913693543,220.44,220.53,0.047,10.36068,7.41836289108e-05,0.15381496254042099,-1772579395.387,2026,3,3,23
2026-03-03 23:09:58,ZECUSDT,open2,OPEN,ZEC,-0.0004822913693543,220.47,220.55,0.056,8.15739,0.0001195618295674,0.2479037303269006,-1772579395.8,2026,3,3,23
2026-03-03 23:10:00,GPSUSDT,open2,OPEN,GPS,-0.0014889489011933,0.00907,0.009057,1542.0,13.98594,5.56523190544e-05,0.037376916702647166,0.004,2026,3,3,23
2026-03-03 23:10:52,DUSDT,open2,OPEN,D,-0.0011208086217237,0.0071,0.007086,1538.0,10.898268,-0.0008510223641917,-0.7592931993000789,13.004,2026,3,3,23
2026-03-03 23:11:06,SFPUSDT,open2,OPEN,SFP,-0.0013315735852063,0.2743,0.2749,36.0,9.8748,-0.0008510382736514,-0.639122225843455,29.524,2026,3,3,23
2026-03-03 23:11:06,NOMUSDT,open2,OPEN,NOM,-0.0014211531270121,0.00354,0.003535,1974.0,6.98796,8.723748481e-06,0.006138500007624952,0.01,2026,3,3,23
2026-03-03 23:11:07,SCRTUSDT,open2,OPEN,SCRT,-0.0014373323945818,0.0736,0.0735,141.0,10.3776,7.86367424079e-05,0.05471019974525782,0.009,2026,3,3,23
2026-03-03 23:11:07,SCRTUSDT,open2,OPEN,SCRT,-0.0014373323945818,0.0736,0.0735,165.0,12.144,7.86367424079e-05,0.05471019974525782,0.005,2026,3,3,23
2026-03-03 23:11:07,SCRTUSDT,open2,OPEN,SCRT,-0.0014373323945818,0.0736,0.0735,191.0,14.0576,7.86367424079e-05,0.05471019974525782,0.005,2026,3,3,23
2026-03-03 23:11:08,SCRTUSDT,open2,OPEN,SCRT,-0.0014373323945818,0.0736,0.0735,305.0,22.448,7.86367424079e-05,0.05471019974525782,0.005,2026,3,3,23
2026-03-03 23:11:08,SCRTUSDT,open2,OPEN,SCRT,-0.0014373323945818,0.0736,0.0735,201.0,14.7936,7.86367424079e-05,0.05471019974525782,0.005,2026,3,3,23
2026-03-03 23:11:08,SCRTUSDT,open2,OPEN,SCRT,-0.0014373323945818,0.0736,0.0735,84.0,6.1824,7.86367424079e-05,0.05471019974525782,0.006,2026,3,3,23
2026-03-03 23:11:08,SCRTUSDT,open2,OPEN,SCRT,-0.0014373323945818,0.0736,0.0735,183.0,13.4688,7.86367424079e-05,0.05471019974525782,0.005,2026,3,3,23
2026-03-03 23:11:09,SCRTUSDT,open2,OPEN,SCRT,-0.0014373323945818,0.0736,0.0735,75.0,5.52,7.86367424079e-05,0.05471019974525782,0.005,2026,3,3,23
2026-03-03 23:11:09,QTUMUSDT,open2,OPEN,QTUM,-0.0012055750794351,0.917,0.916,11.8,10.8206,0.0001150625385408,0.09544203468000949,0.005,2026,3,3,23
2026-03-03 23:11:09,SCRTUSDT,open2,OPEN,SCRT,-0.0014373323945818,0.0736,0.0735,249.0,18.3264,7.86367424079e-05,0.05471019974525782,0.005,2026,3,3,23
2026-03-03 23:11:11,ETHUSDT,open2,OPEN,ETH,-0.0002840683527307,1996.73,1997.09,0.011,21.96403,0.000103806071111,0.3654263845765646,0.029,2026,3,3,23
2026-03-03 23:11:12,PEOPLEUSDT,open2,OPEN,PEOPLE,-0.0001645049352628,0.00663,0.00663,3150.0,20.8845,0.0001645049352628,1.0,0.004,2026,3,3,23
2026-03-03 23:11:16,NOMUSDT,open2,OPEN,NOM,-0.0014211531270121,0.00354,0.003535,1554.0,5.50116,8.723748481e-06,0.006138500007624952,0.005,2026,3,3,23
2026-03-03 23:11:17,FLUXUSDT,open2,OPEN,FLUX,-0.0010881447073826,0.0598,0.05975,335.0,20.01625,0.0002520243060448,0.23160918243219128,0.527,2026,3,3,23
2026-03-03 23:11:20,FORMUSDT,open2,OPEN,FORM,-0.0007032262566843,0.3386,0.3382,17.8,6.01996,-0.0004781086517622,-0.6798788401566153,0.007,2026,3,3,23
2026-03-03 23:11:22,NOMUSDT,open2,OPEN,NOM,-0.0014211531270121,0.00354,0.003535,2028.0,7.17912,8.723748481e-06,0.006138500007624952,0.005,2026,3,3,23
2026-03-03 23:11:26,DEXEUSDT,open2,OPEN,DEXE,-0.0011934894172952,3.465,3.469,5.77,19.99305,4.04193682897e-05,0.03386654938365708,-1772579481.959,2026,3,3,23
2026-03-03 23:11:29,FORMUSDT,open2,OPEN,FORM,-0.0008063137220709,0.3388,0.339,29.6,10.02848,0.000216343220596,0.2683114706771376,-1772579489.357,2026,3,3,23
2026-03-03 23:11:29,SFPUSDT,open2,OPEN,SFP,-0.0013315735852063,0.2746,0.2752,27.0,7.4142,-0.0008486589729331,-0.6373353920216266,3.43,2026,3,3,23
2026-03-03 23:11:50,PYTHUSDT,close2,CLOSE,PYTH,-0.0013854931859446,0.0489,0.04882,294.0,14.3766,0.0002504986340962,0.18080105816284858,0.005,2026,3,3,23
2026-03-03 23:11:50,PEOPLEUSDT,open2,OPEN,PEOPLE,-0.0001169869294376,0.00664,0.00663,2520.0,16.7328,-0.0013890371669478,-11.873438969852634,0.005,2026,3,3,23
2026-03-03 23:11:50,PEOPLEUSDT,open2,OPEN,PEOPLE,-0.0001169869294376,0.00664,0.00664,2041.0,13.55224,0.0001169869294376,1.0,0.004,2026,3,3,23
2026-03-03 23:11:51,HUMAUSDT,close2,CLOSE,HUMA,-0.002885057070111,0.01307,0.013044,459.0,5.987196,-0.0008957686232862,-0.3104855819201303,-1772579511.043,2026,3,3,23
2026-03-03 23:12:01,TLMUSDT,open2,OPEN,TLM,-0.0015456766332741,0.001673,0.001676,11948.0,19.989004,-0.0002442995003774,-0.1580534344107391,0.108,2026,3,3,23
2026-03-03 23:12:02,FORMUSDT,open2,OPEN,FORM,-0.0007237137220709,0.3383,0.3378,31.9,10.77582,-0.0007542644038527,-1.0422137660930064,-1772579522.377,2026,3,3,23
2026-03-03 23:12:04,FORMUSDT,open2,OPEN,FORM,-0.0008063137220709,0.3382,0.3386,29.6,10.01072,-0.0003750211863755,-0.46510579704920857,-1772579524.031,2026,3,3,23
2026-03-03 23:12:05,DEXEUSDT,open2,OPEN,DEXE,-0.0011963170907364,3.467,3.471,5.77,20.00459,4.39114439487e-05,0.03670552254809806,3.22,2026,3,3,23
2026-03-03 23:12:05,PEOPLEUSDT,open2,OPEN,PEOPLE,-0.0001169869294376,0.00664,0.00664,904.0,6.00256,0.0001169869294376,1.0,0.003,2026,3,3,23
2026-03-03 23:12:06,WUSDT,open2,OPEN,W,-0.0002584613628824,0.0186,0.01859,3222.5,59.9385,-0.0002791730457197,-1.0801345416054462,0.004,2026,3,3,23
2026-03-03 23:12:12,LPTUSDT,close2,CLOSE,LPT,-0.001523075764271,2.309,2.306,8.7,20.0622,-0.0002238120137296,-0.1469473935439611,0.254,2026,3,3,23
2026-03-03 23:12:13,XVGUSDT,open2,OPEN,XVG,-0.0012523221904962,0.005507,0.005515,3630.0,19.99041,-0.0001982671114076,-0.15831957056437834,0.92,2026,3,3,23
2026-03-03 23:12:13,NEIROUSDT,close2,CLOSE,NEIRO,-0.0013635318140693,6.898e-05,6.889e-05,86982.0,5.99218998,-5.88058065309e-05,-0.043127564699353076,0.228,2026,3,3,23
2026-03-03 23:12:13,SOLUSDT,open2,OPEN,SOL,-0.0001132092983415,87.26805494505494,87.17,1.82,158.82786,-0.0010103971016943,-8.925036339739515,0.007,2026,3,3,23
2026-03-03 23:12:13,FORMUSDT,open2,OPEN,FORM,-0.0008063137220709,0.3385,0.3389,39.6,13.4046,-0.0003739754487758,-0.46380886066939087,-1772579532.358,2026,3,3,23
2026-03-03 23:12:13,SCRTUSDT,open2,OPEN,SCRT,-0.0014276511195923,0.0736,0.0735,139.0,10.2304,6.89554674184e-05,0.048299942802616846,0.005,2026,3,3,23
2026-03-03 23:12:13,ZECUSDT,open2,OPEN,ZEC,-0.0002201449215486,222.25,222.15,0.1,22.225,-0.0002297988354817,-1.0438525397960123,0.004,2026,3,3,23
2026-03-03 23:12:15,NOMUSDT,open2,OPEN,NOM,-0.0015984463607581,0.00354,0.003539,1780.0,6.29942,0.0013159604850519,0.8232747231053631,17.418,2026,3,3,23
2026-03-03 23:12:18,XVGUSDT,open2,OPEN,XVG,-0.0011697221904962,0.005511,0.005503,3630.0,19.97589,-0.0002819199797088,-0.24101447506027787,3.002,2026,3,3,23
2026-03-03 23:12:27,SCRTUSDT,open2,OPEN,SCRT,-0.0014276511195923,0.0737,0.0736,147.0,10.8339,7.07990164715e-05,0.04959125902672801,0.005,2026,3,3,23
2026-03-03 23:12:46,GPSUSDT,open2,OPEN,GPS,-0.00167181287568,0.00902,0.009005,2218.0,19.97309,8.8417005137e-06,0.005288690284852419,227.419,2026,3,3,23
2026-03-03 23:12:48,GPSUSDT,open2,OPEN,GPS,-0.0016642620277355,0.00902,0.008997,2218.0,19.955346,-0.0008856271075194,-0.5321440330669805,1.825,2026,3,3,23
2026-03-03 23:12:53,KNCUSDT,open2,OPEN,KNC,-0.0015408855980141,0.1381,0.1383,145.0,20.0245,9.47540000387e-05,0.061493208944790816,-1772579573.321,2026,3,3,23
2026-03-03 23:13:03,XVGUSDT,open2,OPEN,XVG,-0.0011701860106923,0.005507,0.005486,2522.0,13.835692,-0.002643142480319,-2.258737035110577,9.92,2026,3,3,23
2026-03-03 23:13:07,PEOPLEUSDT,open2,OPEN,PEOPLE,-0.0002992170757257,0.00663,0.00663,2972.0,19.70436,0.0002992170757257,1.0,76.864,2026,3,3,23
2026-03-03 23:13:08,FORMUSDT,open2,OPEN,FORM,-0.0008236200700391,0.3405,0.3411,58.8,20.0214,-0.0009353948815879,-1.135711617060878,-1772579588.413,2026,3,3,23
2026-03-03 23:13:39,ANKRUSDT,open2,OPEN,ANKR,-0.0012307453158128,0.00413,0.004125,4843.0,19.977375,2.00915627862e-05,0.016324711967667552,5.469,2026,3,3,23
2026-03-03 23:14:05,DEXEUSDT,open2,OPEN,DEXE,-0.0011255372470786,3.466,3.46,5.78,19.9988,-0.0006055648879473,-0.5380229659383376,19.445,2026,3,3,23
2026-03-03 23:14:05,JOEUSDT,open2,OPEN,JOE,-0.0011871897511129,0.0407,0.04064,492.0,19.99488,-0.0002870117230885,-0.2417572446354497,70.105,2026,3,3,23
2026-03-03 23:14:10,ALTUSDT,open2,OPEN,ALT,-0.0012985254355087,0.00741,0.007403,1350.0,9.99405,0.0003538560697867,0.2725060750527972,0.092,2026,3,3,23
2026-03-03 23:15:02,PEOPLEUSDT,open2,OPEN,PEOPLE,-9.06302431224e-05,0.00661,0.00661,3046.0,20.13406,9.06302431224e-05,1.0,0.004,2026,3,3,23
2026-03-03 23:15:02,PEOPLEUSDT,open2,OPEN,PEOPLE,-9.06302431224e-05,0.00661,0.00661,868.0,5.73748,9.06302431224e-05,1.0,0.005,2026,3,3,23
2026-03-03 23:15:24,PEOPLEUSDT,open2,OPEN,PEOPLE,-9.06302431224e-05,0.0066,0.0066,3150.0,20.79,9.06302431224e-05,1.0,0.004,2026,3,3,23
2026-03-03 23:15:24,PEOPLEUSDT,open2,OPEN,PEOPLE,-9.06302431224e-05,0.0066,0.0066,1542.0,10.1772,9.06302431224e-05,1.0,0.005,2026,3,3,23
2026-03-03 23:15:30,FORMUSDT,open2,OPEN,FORM,-0.0009149826651349,0.3394,0.3395943502824858,17.7,6.00738,0.0003426813817826,0.374522266749258,-1772579729.864,2026,3,3,23
2026-03-03 23:15:31,DUSDT,open2,OPEN,D,-0.0011233543776969,0.0071,0.007091,2817.0,19.975347,-0.0001442512561058,-0.12841117546676925,85.025,2026,3,3,23
2026-03-03 23:16:09,SCRTUSDT,open2,OPEN,SCRT,-0.0016175517056554,0.0734,0.0732,273.0,19.9836,-0.0011072439346715,-0.6845184180513517,303.186,2026,3,3,23
2026-03-03 23:16:09,ANKRUSDT,open2,OPEN,ANKR,-0.0012260382789458,0.00412,0.004115,4855.0,19.978325,1.24460459361e-05,0.01015143340124881,0.536,2026,3,3,23
2026-03-03 23:16:13,RDNTUSDT,open2,OPEN,RDNT,-0.0012111066138846,0.00535,0.005345,3739.0,19.984955,0.0002765271746322,0.22832603790779796,39.404,2026,3,3,23
2026-03-03 23:16:22,DUSKUSDT,close2,CLOSE,DUSK,-0.0019748548043942,0.0874,0.08722,104.0,9.0896,8.46417631114e-05,0.04285973982647521,0.004,2026,3,3,23
2026-03-03 23:16:23,DUSKUSDT,close2,CLOSE,DUSK,-0.0019748548043942,0.0874,0.08723,63.0,5.5062,-2.9774712861e-05,-0.015076912386039233,0.005,2026,3,3,23
2026-03-03 23:16:53,DEXEUSDT,close2,CLOSE,DEXE,-0.0018547082301338,3.466,3.459,3.57,12.34863,0.0001649109273964,0.08891475473988877,0.012,2026,3,3,23
2026-03-03 23:17:19,FORMUSDT,open2,OPEN,FORM,-0.0008297252056643,0.3386,0.3382,17.8,6.01996,-0.0003516097027821,-0.4237664474717168,0.006,2026,3,3,23
2026-03-03 23:17:20,SCRTUSDT,open2,OPEN,SCRT,-0.001439542210078,0.0734,0.0733,82.0,6.0188,7.71443899145e-05,0.05358952962575513,0.004,2026,3,3,23
2026-03-03 23:17:47,FORMUSDT,open2,OPEN,FORM,-0.0009123252056643,0.3394,0.3399,37.9,12.86326,-0.0005586956828322,-0.6123865474322739,-1772579867.667,2026,3,3,23
2026-03-03 23:18:06,TWTUSDT,close2,CLOSE,TWT,-0.0016878588260421,0.4833,0.484,21.0,10.1493,-0.0002415778343066,-0.14312680099738057,3.617,2026,3,3,23
2026-03-03 23:18:09,RLCUSDT,open2,OPEN,RLC,-0.0010572922780009,0.362,0.3614,55.3,19.98542,-0.0006001662855349,-0.5676446315012141,456.895,2026,3,3,23
2026-03-03 23:18:12,FORMUSDT,open2,OPEN,FORM,-0.0009243296379156,0.3411,0.3416775862068965,46.4,15.82704,-0.0007661125514845,-0.8288304518852324,0.005,2026,3,3,23
2026-03-03 23:18:25,FORMUSDT,open2,OPEN,FORM,-0.0006593241258737,0.3411,0.3409,28.4,9.68724,7.29858086647e-05,0.11069791897571354,0.005,2026,3,3,23
2026-03-03 23:18:26,TWTUSDT,close2,CLOSE,TWT,-0.0016878588260421,0.4829,0.4836,21.0,10.1409,-0.0002403815721132,-0.14241805558873455,15.986,2026,3,3,23
2026-03-03 23:18:27,DUSKUSDT,close2,CLOSE,DUSK,-0.0019121304438766,0.0879,0.08769,115.0,10.08435,0.0004769480544168,0.2494328020058343,5.706,2026,3,3,23
2026-03-03 23:18:33,JTOUSDT,close2,CLOSE,JTO,-0.0015260578318922,0.2766,0.2769,37.0,10.2342,-0.0004426342132573,-0.2900507464441672,6.548,2026,3,3,23
2026-03-03 23:18:38,FORMUSDT,open2,OPEN,FORM,-0.0008417296379156,0.3414,0.3411,58.6,19.98846,-3.70049842284e-05,-0.04396302869890211,0.05,2026,3,3,23
2026-03-03 23:18:59,DUSKUSDT,close2,CLOSE,DUSK,-0.0019757486012384,0.088,0.08782,131.0,11.528,6.97059442161e-05,0.03528077619410095,0.006,2026,3,3,23
2026-03-03 23:20:19,DUSKUSDT,close2,CLOSE,DUSK,-0.0019683932963237,0.0878,0.08762,280.0,24.584,8.17205988926e-05,0.04151639768598416,0.005,2026,3,3,23
2026-03-03 23:20:20,DUSKUSDT,close2,CLOSE,DUSK,-0.0019683932963237,0.0878,0.08761,230.0,20.194,0.0001956158152936,0.09937841977969793,0.005,2026,3,3,23
2026-03-03 23:20:21,DUSKUSDT,close2,CLOSE,DUSK,-0.0019683932963237,0.0878,0.08761,219.0,19.2282,0.0001956158152936,0.09937841977969793,0.006,2026,3,3,23
2026-03-03 23:20:21,DUSKUSDT,close2,CLOSE,DUSK,-0.0019683932963237,0.0878,0.08761,140.0,12.292,0.0001956158152936,0.09937841977969793,0.004,2026,3,3,23
2026-03-03 23:20:22,DUSKUSDT,close2,CLOSE,DUSK,-0.0019683932963237,0.0878,0.08761,141.0,12.3798,0.0001956158152936,0.09937841977969793,0.004,2026,3,3,23
2026-03-03 23:20:24,DUSKUSDT,close2,CLOSE,DUSK,-0.0019683932963237,0.0878,0.08761,359.0,31.5202,0.0001956158152936,0.09937841977969793,0.004,2026,3,3,23
2026-03-03 23:20:24,DUSKUSDT,close2,CLOSE,DUSK,-0.0019683932963237,0.0878,0.08761,205.0,17.999,0.0001956158152936,0.09937841977969793,0.005,2026,3,3,23
2026-03-03 23:20:24,DUSKUSDT,close2,CLOSE,DUSK,-0.0019683932963237,0.0878,0.08761,63.0,5.5314,0.0001956158152936,0.09937841977969793,0.004,2026,3,3,23
2026-03-03 23:20:26,DUSKUSDT,close2,CLOSE,DUSK,-0.0019683932963237,0.0878,0.08761,91.0,7.9898,0.0001956158152936,0.09937841977969793,0.005,2026,3,3,23
2026-03-03 23:20:27,DUSKUSDT,close2,CLOSE,DUSK,-0.0019683932963237,0.0878,0.08761,63.0,5.5314,0.0001956158152936,0.09937841977969793,0.004,2026,3,3,23
2026-03-03 23:20:28,DUSKUSDT,close2,CLOSE,DUSK,-0.0019683932963237,0.0878,0.08761,148.0,12.9944,0.0001956158152936,0.09937841977969793,0.005,2026,3,3,23
2026-03-03 23:20:29,DUSKUSDT,close2,CLOSE,DUSK,-0.0019683932963237,0.0878,0.08761,71.0,6.2338,0.0001956158152936,0.09937841977969793,0.005,2026,3,3,23
2026-03-03 23:20:30,DUSKUSDT,close2,CLOSE,DUSK,-0.0019683932963237,0.0878,0.08761,465.0,40.827,0.0001956158152936,0.09937841977969793,0.005,2026,3,3,23
2026-03-03 23:20:30,DUSKUSDT,close2,CLOSE,DUSK,-0.0019683932963237,0.0878,0.08761,251.0,22.0378,0.0001956158152936,0.09937841977969793,0.004,2026,3,3,23
2026-03-03 23:20:31,DUSKUSDT,close2,CLOSE,DUSK,-0.0019683932963237,0.0878,0.08759,276.0,24.2328,0.0004234062480954,0.21510246396702384,0.005,2026,3,3,23
2026-03-03 23:20:32,DUSKUSDT,close2,CLOSE,DUSK,-0.0019683932963237,0.0878,0.0876,494.0,43.3732,0.0003095110316945,0.1572404418733609,0.004,2026,3,3,23
2026-03-03 23:20:32,DUSKUSDT,close2,CLOSE,DUSK,-0.0019683932963237,0.0878,0.0876,63.0,5.5314,0.0003095110316945,0.1572404418733609,0.005,2026,3,3,23
2026-03-03 23:20:34,DUSKUSDT,close2,CLOSE,DUSK,-0.0019683932963237,0.0878,0.0876,63.0,5.5314,0.0003095110316945,0.1572404418733609,0.005,2026,3,3,23
2026-03-03 23:20:35,DUSKUSDT,close2,CLOSE,DUSK,-0.0019683932963237,0.0878,0.08762,87.0,7.6386,8.17205988926e-05,0.04151639768598416,0.004,2026,3,3,23
2026-03-03 23:20:36,DUSKUSDT,close2,CLOSE,DUSK,-0.0019683932963237,0.0878,0.08762,63.0,5.5314,8.17205988926e-05,0.04151639768598416,0.005,2026,3,3,23
2026-03-03 23:20:36,DUSKUSDT,close2,CLOSE,DUSK,-0.0019683932963237,0.0878,0.08762,63.0,5.5314,8.17205988926e-05,0.04151639768598416,0.005,2026,3,3,23
2026-03-03 23:20:37,TWTUSDT,close2,CLOSE,TWT,-0.0016918468574976,0.4829,0.4837,21.0,10.1409,-3.7929139904e-05,-0.02241877847035207,-1772580030.751,2026,3,3,23
2026-03-03 23:20:42,DUSKUSDT,close2,CLOSE,DUSK,-0.0019683932963237,0.0878,0.08762,310.0,27.218,8.17205988926e-05,0.04151639768598416,0.005,2026,3,3,23
2026-03-03 23:20:43,DUSKUSDT,close2,CLOSE,DUSK,-0.0019683932963237,0.0878,0.08762,276.0,24.2328,8.17205988926e-05,0.04151639768598416,0.005,2026,3,3,23
2026-03-03 23:20:43,DUSKUSDT,close2,CLOSE,DUSK,-0.0019683932963237,0.0878,0.08762,409.0,35.9102,8.17205988926e-05,0.04151639768598416,0.005,2026,3,3,23
2026-03-03 23:20:45,DUSKUSDT,close2,CLOSE,DUSK,-0.0019683932963237,0.0878,0.08762,338.0,29.6764,8.17205988926e-05,0.04151639768598416,0.005,2026,3,3,23
2026-03-03 23:20:46,DUSKUSDT,close2,CLOSE,DUSK,-0.0019683932963237,0.0878,0.08762,290.0,25.462,8.17205988926e-05,0.04151639768598416,0.005,2026,3,3,23
2026-03-03 23:20:46,DUSKUSDT,close2,CLOSE,DUSK,-0.0019683932963237,0.0878,0.08762,420.0,36.876,8.17205988926e-05,0.04151639768598416,0.004,2026,3,3,23
2026-03-03 23:20:47,DUSKUSDT,close2,CLOSE,DUSK,-0.0019683932963237,0.0878,0.08762,218.0,19.1404,8.17205988926e-05,0.04151639768598416,0.005,2026,3,3,23
2026-03-03 23:20:47,DUSKUSDT,close2,CLOSE,DUSK,-0.0019683932963237,0.0878,0.08762,302.0,26.5156,8.17205988926e-05,0.04151639768598416,0.005,2026,3,3,23
2026-03-03 23:20:48,DUSKUSDT,close2,CLOSE,DUSK,-0.0019683932963237,0.0878,0.08762,144.0,12.6432,8.17205988926e-05,0.04151639768598416,0.005,2026,3,3,23
2026-03-03 23:20:49,DUSKUSDT,close2,CLOSE,DUSK,-0.0019683932963237,0.0878,0.08762,104.0,9.1312,8.17205988926e-05,0.04151639768598416,0.005,2026,3,3,23
2026-03-03 23:20:50,DUSKUSDT,close2,CLOSE,DUSK,-0.0019683932963237,0.0878,0.08762,63.0,5.5314,8.17205988926e-05,0.04151639768598416,0.005,2026,3,3,23
2026-03-03 23:20:50,DUSKUSDT,close2,CLOSE,DUSK,-0.0019683932963237,0.0878,0.08762,63.0,5.5314,8.17205988926e-05,0.04151639768598416,0.005,2026,3,3,23
2026-03-03 23:21:07,ANKRUSDT,open2,OPEN,ANKR,-0.0010052133123505,0.00412,0.004116,8955.0,36.8946,3.43395259427e-05,0.0341614317287577,0.005,2026,3,3,23
2026-03-03 23:21:14,AIUSDT,open2,OPEN,AI,-0.0009651203694738,0.0196,0.01964,1026.0,20.15064,0.0030059366960045,3.1145718099840622,667.025,2026,3,3,23
2026-03-03 23:21:24,JOEUSDT,open2,OPEN,JOE,-0.0010013557108587,0.0408,0.04076,135.0,5.508,2.09635539959e-05,0.020935171955950564,0.005,2026,3,3,23
2026-03-03 23:21:29,JOEUSDT,open2,OPEN,JOE,-0.0010013557108587,0.0408,0.04077,216.0,8.8128,0.0002660615932116,0.26570137896696294,0.004,2026,3,3,23
2026-03-03 23:21:43,FLUXUSDT,open2,OPEN,FLUX,-0.0009193208118502,0.0598,0.05975,92.0,5.5016,8.32004105124e-05,0.09050204176815395,0.004,2026,3,3,23
2026-03-03 23:22:16,FORMUSDT,open2,OPEN,FORM,-0.0009176060922057,0.3369,0.3375,59.4,20.01186,-0.000860171685572,-0.9374084292578727,-1772580136.893,2026,3,3,23
2026-03-03 23:22:46,ANKRUSDT,open2,OPEN,ANKR,-0.0011865863057687,0.00412,0.004117,4855.0,19.988035,0.0004584309659629,0.38634439293138234,98.653,2026,3,3,23
2026-03-03 23:22:54,GPSUSDT,open2,OPEN,GPS,-0.0014206774164416,0.00902,0.008998,736.0,6.63872,-0.0010183469738022,-0.7168038021980209,0.005,2026,3,3,23
2026-03-03 23:23:15,DUSDT,open2,OPEN,D,-0.0011106226799468,0.00708,0.007081,848.0,6.004688,0.0012518656177999,1.127174548479296,425.428,2026,3,3,23
2026-03-03 23:23:15,DUSKUSDT,close2,CLOSE,DUSK,-0.0019312235108236,0.0875,0.08732,91.0,7.9625,0.0001259193463192,0.06520185033657742,0.005,2026,3,3,23
2026-03-03 23:23:16,DUSKUSDT,close2,CLOSE,DUSK,-0.0019312235108236,0.0875,0.08732,73.0,6.3875,0.0001259193463192,0.06520185033657742,0.004,2026,3,3,23
2026-03-03 23:23:16,DUSKUSDT,close2,CLOSE,DUSK,-0.0019312235108236,0.0875,0.08732,63.0,5.5125,0.0001259193463192,0.06520185033657742,0.003,2026,3,3,23
2026-03-03 23:23:16,DUSKUSDT,close2,CLOSE,DUSK,-0.0019312235108236,0.0875,0.08732,63.0,5.5125,0.0001259193463192,0.06520185033657742,0.003,2026,3,3,23
2026-03-03 23:23:16,DUSKUSDT,close2,CLOSE,DUSK,-0.0019312235108236,0.0875,0.08732,63.0,5.5125,0.0001259193463192,0.06520185033657742,0.004,2026,3,3,23
2026-03-03 23:23:17,DUSKUSDT,close2,CLOSE,DUSK,-0.0019312235108236,0.0875,0.08732,108.0,9.45,0.0001259193463192,0.06520185033657742,0.004,2026,3,3,23
2026-03-03 23:23:23,ALTUSDT,open2,OPEN,ALT,-0.0012836703676278,0.0074,0.007397,2131.0,15.763007,0.0008782649622224,0.684182625361539,270.244,2026,3,3,23
2026-03-03 23:25:05,JOEUSDT,open2,OPEN,JOE,-0.0011825870280823,0.0407,0.0406479,492.0,19.9987668,-9.75112520159e-05,-0.0824558782570325,51.923,2026,3,3,23
2026-03-03 23:25:16,FORMUSDT,close2,CLOSE,FORM,-0.001900871554731,0.3359,0.3354,59.6,19.98984,-0.0004123332992979,-0.21691802282571954,0.005,2026,3,3,23
2026-03-03 23:25:22,SUSHIUSDT,open2,OPEN,SUSHI,-0.0010002644345547,0.2038,0.204,99.0,20.1762,1.9872277692e-05,0.019867024164311894,4.033,2026,3,3,23
2026-03-03 23:25:36,NEIROUSDT,close2,CLOSE,NEIRO,-0.0011721909925344,6.846e-05,6.85466366989e-05,291758.0,19.97375268,9.17178304258e-05,0.0782447834951337,17.752,2026,3,3,23
2026-03-03 23:25:38,UNIUSDT,close2,CLOSE,UNI,-0.001016764919655,3.909,3.913,6.0,23.454,5.468660718e-06,0.005378490752666387,-1772580338.781,2026,3,3,23
2026-03-03 23:25:47,FRAXUSDT,open2,OPEN,FRAX,-0.0013878447546328,0.6193,0.6205,27.0,16.7211,-0.0005460795000005,-0.39347304385279264,9.66,2026,3,3,23
2026-03-03 23:26:21,FRAXUSDT,open2,OPEN,FRAX,-0.0013878447546328,0.6193,0.62,10.0,6.193,0.0002588124965682,0.18648519274526304,3.266,2026,3,3,23
2026-03-03 23:26:33,ETHUSDT,close2,CLOSE,ETH,-0.0007713822793687,1986.11,1987.52,0.011,21.84721,-6.19554559909e-05,-0.08031744784389448,0.04,2026,3,3,23
2026-03-03 23:26:33,SCRTUSDT,open2,OPEN,SCRT,-0.001621281556165,0.0733,0.0731,273.0,19.9563,-0.0011072314042715,-0.6829359157644149,552.721,2026,3,3,23
2026-03-03 23:27:36,NEIROUSDT,close2,CLOSE,NEIRO,-0.0011500906138782,6.848e-05,6.855e-05,220000.0,15.0656,-0.0001289381704063,-0.11211131440461887,0.006,2026,3,3,23
2026-03-03 23:28:00,NEIROUSDT,close2,CLOSE,NEIRO,-0.0011500906138782,6.849e-05,6.856e-05,220000.0,1.34254098,-0.0001290871132948,-0.112240819755504,-1772580480.012,2026,3,3,23
2026-03-03 23:28:00,NEIROUSDT,close2,CLOSE,NEIRO,-0.0011500906138782,6.849e-05,6.856e-05,220000.0,15.0678,-0.0001290871132948,-0.112240819755504,-1772580480.012,2026,3,3,23
2026-03-03 23:28:20,NEIROUSDT,close2,CLOSE,NEIRO,-0.0011500906138782,6.858e-05,6.863e-05,291248.0,19.97378784,-0.0004215462455262,-0.3665330717765893,0.716,2026,3,3,23
2026-03-03 23:28:33,GPSUSDT,open2,OPEN,GPS,-0.0016035147020004,0.00899,0.0089747,2225.0,19.9687075,-9.83762879884e-05,-0.06135041223237594,379.589,2026,3,3,23
2026-03-03 23:29:17,JUPUSDT,close2,CLOSE,JUP,-0.0015044928210179,0.1822,0.1819,75.0,13.665,0.0001420494402334,0.0944168282154335,0.005,2026,3,3,23
2026-03-03 23:29:18,JUPUSDT,close2,CLOSE,JUP,-0.0015044928210179,0.1822,0.1819,33.0,6.0126,0.0001420494402334,0.0944168282154335,0.005,2026,3,3,23
2026-03-03 23:29:43,FORMUSDT,close2,CLOSE,FORM,-0.0016280834473597,0.3291,0.3279,60.6,19.94346,-0.0052877357803881,-3.2478284752316235,0.004,2026,3,3,23
2026-03-03 23:29:48,FORMUSDT,close2,CLOSE,FORM,-0.0017106834473597,0.3303,0.3301,18.2,6.00782,-0.0011051733050648,-0.6460419704010958,0.007,2026,3,3,23
2026-03-03 23:29:55,FRAXUSDT,open2,OPEN,FRAX,-0.0013073337238589,0.6195,0.6185,10.0,6.185,-0.0003068712801765,-0.23473063883848871,34.97,2026,3,3,23
2026-03-03 23:31:53,DUSDT,open2,OPEN,D,-0.0010850152526977,0.00707,0.007056,2829.0,19.961424,-0.0008951827671041,-0.82504164331182,323.428,2026,3,3,23
2026-03-03 23:32:00,CGPTUSDT,open2,OPEN,CGPT,-0.0014552612638489,0.02222,0.02227,901.0,20.02022,-0.0007899116144626,-0.542797114226368,-1772580720.95,2026,3,3,23
2026-03-03 23:32:39,GPSUSDT,open2,OPEN,GPS,-0.0013927491744479,0.00904,0.009028,1305.0,11.7972,6.53155461294e-05,0.046896847851510486,0.005,2026,3,3,23
2026-03-03 23:32:41,DUSDT,open2,OPEN,D,-0.001098876975749,0.00708,0.007076,1375.0,9.7295,0.0005339052243366,0.48586441987528906,38.393,2026,3,3,23
2026-03-03 23:32:46,GPSUSDT,open2,OPEN,GPS,-0.0015721571703004,0.00903,0.009005,2215.0,19.946075,-0.0011963921098767,-0.7609875987450412,21.46,2026,3,3,23
2026-03-03 23:32:56,SCRTUSDT,open2,OPEN,SCRT,-0.0014891574769804,0.0729,0.0728,283.0,20.6307,0.0001174153644975,0.07884684213222763,0.005,2026,3,3,23
2026-03-03 23:32:56,SCRTUSDT,open2,OPEN,SCRT,-0.0014891574769804,0.0729,0.0728,242.0,17.6418,0.0001174153644975,0.07884684213222763,0.005,2026,3,3,23
2026-03-03 23:33:04,GPSUSDT,open2,OPEN,GPS,-0.0015554158251703,0.009,0.0089879,1979.0,17.7870541,0.0002109713807258,0.13563664282681517,0.007,2026,3,3,23
2026-03-03 23:33:26,ALTUSDT,open2,OPEN,ALT,-0.0010264801306492,0.0074,0.007394,954.0,7.0596,0.0002156693198384,0.21010569362117062,0.004,2026,3,3,23
2026-03-03 23:34:46,CGPTUSDT,open2,OPEN,CGPT,-0.0013870558320113,0.02244,0.02235,892.0,19.9362,-0.0026236393551544,-1.8915167613332422,0.007,2026,3,3,23
2026-03-03 23:34:48,QTUMUSDT,open2,OPEN,QTUM,-0.0012064364630024,0.913,0.912,71.2,65.0056,0.0001111462110856,0.09212769548509485,0.005,2026,3,3,23
2026-03-03 23:34:48,ALTUSDT,open2,OPEN,ALT,-0.0012495360753344,0.00739,0.007379,1712.0,12.632848,-0.0002389618948955,-0.19124049286176006,492.98,2026,3,3,23
2026-03-03 23:34:48,SCRTUSDT,open2,OPEN,SCRT,-0.0016689450276933,0.0728,0.0726,275.0,19.965,-0.0010783077195593,-0.646101400385645,112.744,2026,3,3,23
2026-03-03 23:34:58,GPSUSDT,close2,CLOSE,GPS,-0.0024058097020568,0.00903,0.009005,665.0,5.988325,0.0003627395781203,0.1507765048125722,5.142,2026,3,3,23
2026-03-03 23:35:30,CGPTUSDT,close2,CLOSE,CGPT,-0.0021641964066882,0.02231,0.02226,897.0,19.96722,7.69510608151e-05,0.03555641279936128,0.006,2026,3,3,23
2026-03-03 23:35:30,CGPTUSDT,close2,CLOSE,CGPT,-0.0021641964066882,0.02233,0.02227,896.0,19.95392,0.0005227717975213,0.24155469249728626,0.741,2026,3,3,23
2026-03-03 23:35:59,SCRTUSDT,open2,OPEN,SCRT,-0.0014833686383365,0.0728,0.0727,161.0,11.7208,0.0001097422647102,0.07398178839298417,0.005,2026,3,3,23
2026-03-03 23:35:59,ALTUSDT,open2,OPEN,ALT,-0.0009902546306451,0.00739,0.007383,1413.0,10.44207,4.30286495896e-05,0.043452106415871085,0.005,2026,3,3,23
2026-03-03 23:35:59,SCRTUSDT,open2,OPEN,SCRT,-0.0014833686383365,0.0728,0.0727,76.0,5.5328,0.0001097422647102,0.07398178839298417,0.005,2026,3,3,23
2026-03-03 23:36:04,SCRTUSDT,open2,OPEN,SCRT,-0.0016610952004018,0.0725,0.0724,276.0,19.9824,0.0002817848555742,0.1696379927568507,0.02,2026,3,3,23
2026-03-03 23:36:08,SAGAUSDT,open2,OPEN,SAGA,-0.0006393592374053,0.0327,0.03268,226.0,7.3902,2.77384422983e-05,0.04338475253891758,0.004,2026,3,3,23
2026-03-03 23:36:09,SAGAUSDT,open2,OPEN,SAGA,-0.0006393592374053,0.0327,0.03268,209.7,6.85719,2.77384422983e-05,0.04338475253891758,0.005,2026,3,3,23
2026-03-03 23:36:10,SAGAUSDT,open2,OPEN,SAGA,-0.0006393592374053,0.0327,0.03268,267.7,8.75379,2.77384422983e-05,0.04338475253891758,0.005,2026,3,3,23
2026-03-03 23:36:10,ALTUSDT,open2,OPEN,ALT,-0.0009902546306451,0.00739,0.007384,876.0,6.47364,0.0001783466468832,0.18010180549927476,0.004,2026,3,3,23
2026-03-03 23:36:36,ALTUSDT,open2,OPEN,ALT,-0.0009902546306451,0.00739,0.007383,1350.0,9.9765,4.30286495896e-05,0.043452106415871085,0.004,2026,3,3,23
2026-03-03 23:36:37,QTUMUSDT,open2,OPEN,QTUM,-0.0012072974309422,0.913,0.912,51.6,47.1108,0.0001120071790254,0.09277513241951262,0.005,2026,3,3,23
2026-03-03 23:36:38,ALTUSDT,open2,OPEN,ALT,-0.0009902546306451,0.00739,0.007383,747.0,5.52033,4.30286495896e-05,0.043452106415871085,0.004,2026,3,3,23
2026-03-03 23:36:45,ALTUSDT,open2,OPEN,ALT,-0.0009902546306451,0.00739,0.007383,775.0,5.72725,4.30286495896e-05,0.043452106415871085,0.005,2026,3,3,23
2026-03-03 23:36:54,ALTUSDT,open2,OPEN,ALT,-0.0009902546306451,0.00739,0.007383,838.0,6.19282,4.30286495896e-05,0.043452106415871085,0.004,2026,3,3,23
2026-03-03 23:37:12,CGPTUSDT,close2,CLOSE,CGPT,-0.0021284481176868,0.02235,0.0223105,269.0,6.0015245,-0.0003611103100805,-0.1696589675265165,14.6,2026,3,3,23
2026-03-03 23:37:41,SCRTUSDT,open2,OPEN,SCRT,-0.0014824344999448,0.0727,0.0726,80.0,5.816,0.0001069186815129,0.07212371374039205,0.005,2026,3,3,23
2026-03-03 23:37:41,SCRTUSDT,open2,OPEN,SCRT,-0.0014824344999448,0.0727,0.0726,87.0,6.3249,0.0001069186815129,0.07212371374039205,0.006,2026,3,3,23
2026-03-03 23:37:41,SCRTUSDT,open2,OPEN,SCRT,-0.0014824344999448,0.0727,0.0726,76.0,5.5252,0.0001069186815129,0.07212371374039205,0.004,2026,3,3,23
2026-03-03 23:37:52,CGPTUSDT,close2,CLOSE,CGPT,-0.0021284481176868,0.02237,0.02234,895.0,19.9943,-0.0007873663116966,-0.3699250666031318,37.228,2026,3,3,23
2026-03-03 23:37:54,AIUSDT,close2,CLOSE,AI,-0.0019653009331503,0.0197,0.01966,941.0,18.5377,6.51559196415e-05,0.033153151531382846,0.005,2026,3,3,23
2026-03-03 23:37:55,AIUSDT,close2,CLOSE,AI,-0.0019653009331503,0.0197,0.01966,1210.0,23.837,6.51559196415e-05,0.033153151531382846,0.008,2026,3,3,23
2026-03-03 23:38:00,SCRTUSDT,open2,OPEN,SCRT,-0.0014826034995571,0.0727,0.0726,162.0,11.7774,0.0001070876811252,0.07222948088088989,0.004,2026,3,3,23
2026-03-03 23:38:11,SCRTUSDT,open2,OPEN,SCRT,-0.0014826034995571,0.0727,0.0726,104.0,7.5608,0.0001070876811252,0.07222948088088989,0.004,2026,3,3,23
2026-03-03 23:38:48,GPSUSDT,close2,CLOSE,GPS,-0.0024051429997899,0.00907,0.009052,2206.0,19.968712,-0.0004205785014437,-0.1748663183355166,0.007,2026,3,3,23
2026-03-03 23:39:18,FORMUSDT,close2,CLOSE,FORM,-0.0017242587641545,0.3265,0.3263,61.1,19.94915,-0.0023371916480037,-1.3554761597223226,-1772581158.227,2026,3,3,23
2026-03-03 23:39:58,HUMAUSDT,open2,OPEN,HUMA,-0.0018304512108818,0.012914,0.01296,1550.0,20.0167,-0.0017189315051675,-0.9390752918999811,-1772581198.934,2026,3,3,23
2026-03-03 23:40:28,ALTUSDT,open2,OPEN,ALT,-0.0011888575269778,0.00738,0.00736,1498.0,11.02528,-0.0015211695732931,-1.2795221788771207,340.318,2026,3,3,23
2026-03-03 23:40:28,ALTUSDT,open2,OPEN,ALT,-0.0011089698493742,0.00736,0.007352,2718.0,19.982736,2.2013327635e-05,0.01985024899227178,0.017,2026,3,3,23
2026-03-03 23:40:29,ALTUSDT,open2,OPEN,ALT,-0.0011089698493742,0.00736,0.007354,2722.0,20.017588,0.0002937524580698,0.2648876867442039,0.029,2026,3,3,23
2026-03-03 23:40:29,ALTUSDT,open2,OPEN,ALT,-0.0011089698493742,0.00736,0.00735,1355.0,9.95925,-0.0002497258027997,-0.2251871887595701,0.007,2026,3,3,23
2026-03-03 23:40:29,ALTUSDT,open2,OPEN,ALT,-0.0011089698493742,0.00735,0.007349,817.0,6.004133,0.0009729154276055,0.8773145889895235,0.085,2026,3,3,23
2026-03-03 23:40:29,ALTUSDT,open2,OPEN,ALT,-0.0011089698493742,0.00735,0.007343,817.0,5.999231,0.0001565888969932,0.14120212292657397,0.008,2026,3,3,23
2026-03-03 23:40:29,ALTUSDT,open2,OPEN,ALT,-0.000930758513937,0.00735,0.007344,2582.0,18.9777,0.0001144319833247,0.12294486874008388,0.005,2026,3,3,23
2026-03-03 23:40:30,ALTUSDT,open2,OPEN,ALT,-0.000930758513937,0.00735,0.007343,804.0,5.9094,-2.16224384439e-05,-0.02323098646977679,0.017,2026,3,3,23
2026-03-03 23:41:03,DUSDT,open2,OPEN,D,-0.00110735173143,0.00707,0.007063,2829.0,19.981227,0.000117252721529,0.1058857074956513,362.687,2026,3,3,23
2026-03-03 23:41:15,FORMUSDT,close2,CLOSE,FORM,-0.0018084730780858,0.3296,0.3293,60.7,19.98851,-0.0008982789033285,-0.49670570948133436,0.005,2026,3,3,23
2026-03-03 23:41:44,SUSHIUSDT,open2,OPEN,SUSHI,-0.0009909472626215,0.2037,0.2039,99.0,20.1663,1.00742856721e-05,0.010166318685263832,38.021,2026,3,3,23
2026-03-03 23:41:44,ETHUSDT,open2,OPEN,ETH,-0.0002744397006952,1991.08,1991.7,0.011,21.90188,-3.68521605288e-05,-0.13428144847646875,0.041,2026,3,3,23
2026-03-03 23:41:47,DUSDT,open2,OPEN,D,-0.0011038680090843,0.00707,0.007038,2829.0,19.910502,-0.0034222988933201,-3.100279077893584,38.636,2026,3,3,23
2026-03-03 23:42:05,BANANAUSDT,open2,OPEN,BANANA,-0.0008404299825209,4.33,4.326,4.7,20.3322,-8.33575463473e-05,-0.0991844033184847,56.095,2026,3,3,23
2026-03-03 23:42:54,BBUSDT,open2,OPEN,BB,-0.0004362902067493,0.0267,0.02667,750.0,20.0025,-0.0006873052988686,-1.5753397354241732,13.963,2026,3,3,23
2026-03-03 23:43:22,ETHUSDT,close2,CLOSE,ETH,-0.0007734009619956,1988.2,1989.95,0.011,21.8702,0.0001060181188857,0.13708040731180673,0.054,2026,3,3,23
2026-03-03 23:43:41,SUSHIUSDT,open2,OPEN,SUSHI,-0.000999496216918,0.2037,0.2039,55.0,11.2035,1.86232399685e-05,0.01863262677064027,-1772581404.767,2026,3,3,23
2026-03-03 23:43:49,FORMUSDT,close2,CLOSE,FORM,-0.0017189606769731,0.3299,0.3302,60.5,19.95895,-0.000810420398354,-0.4714595331994801,0.005,2026,3,3,23
2026-03-03 23:43:51,SUSHIUSDT,open2,OPEN,SUSHI,-0.000999496216918,0.2038,0.204,99.0,20.1762,1.91040600552e-05,0.01911368920845783,-1772581423.032,2026,3,3,23
2026-03-03 23:45:01,SAGAUSDT,open2,OPEN,SAGA,-0.0006657108022919,0.0328,0.03278,271.4,8.90192,5.59547047309e-05,0.08405257138424059,0.004,2026,3,3,23
2026-03-03 23:45:07,DUSDT,open2,OPEN,D,-0.0011038680090843,0.00705,0.007032,2837.0,19.949784,-0.0014493234802773,-1.3129499798436666,199.541,2026,3,3,23
2026-03-03 23:45:07,PROVEUSDT,close2,CLOSE,PROVE,-0.0022601744492176,0.2872,0.2878,69.5,19.9604,-0.0001753933512329,-0.07760168746868878,15.869,2026,3,3,23
2026-03-03 23:45:08,PROVEUSDT,close2,CLOSE,PROVE,-0.0023427744492176,0.288,0.2874,69.5,19.9743,-0.0002594411158843,-0.1107409703784945,0.181,2026,3,3,23
2026-03-03 23:45:10,SUSHIUSDT,open2,OPEN,SUSHI,-0.0010026101008939,0.2037,0.204,99.0,20.1663,-0.0004679781344001,-0.46675984411374216,-1772581504.565,2026,3,3,23
2026-03-03 23:45:31,STGUSDT,open2,OPEN,STG,-0.0007332986231549,0.1645,0.1643,75.0,12.3375,-0.0004825068479696,-0.6579950278560343,0.004,2026,3,3,23
2026-03-03 23:45:31,PROVEUSDT,close2,CLOSE,PROVE,-0.0023401876587576,0.2884,0.2878,34.8,10.01544,-0.0002597438307409,-0.11099273588973517,0.143,2026,3,3,23
2026-03-03 23:45:56,DASHUSDT,close2,CLOSE,DASH,-0.0014136180245368,34.26,34.21,6.738,230.84388,4.58098797246e-05,0.032406123103594774,0.005,2026,3,3,23
2026-03-03 23:45:57,DASHUSDT,close2,CLOSE,DASH,-0.0014136180245368,34.26,34.21,8.368,286.68768,4.58098797246e-05,0.032406123103594774,0.006,2026,3,3,23
2026-03-03 23:45:57,DASHUSDT,close2,CLOSE,DASH,-0.0014136180245368,34.26,34.21,5.0,171.3,4.58098797246e-05,0.032406123103594774,0.005,2026,3,3,23
2026-03-03 23:46:32,CHRUSDT,open2,OPEN,CHR,-0.0004164924067023,0.0175,0.0175,388.0,6.79,0.0004164924067023,1.0,0.006,2026,3,3,23
2026-03-03 23:46:35,CHRUSDT,open2,OPEN,CHR,-0.0004164924067023,0.0175,0.0175,342.0,5.985,0.0004164924067023,1.0,0.005,2026,3,3,23
2026-03-03 23:46:37,CHRUSDT,open2,OPEN,CHR,-0.0004164924067023,0.0175,0.0175,355.0,6.2125,0.0004164924067023,1.0,0.005,2026,3,3,23
2026-03-03 23:46:40,CHRUSDT,open2,OPEN,CHR,-0.0004164924067023,0.0175,0.0175,384.0,6.72,0.0004164924067023,1.0,0.006,2026,3,3,23
2026-03-03 23:46:42,CHRUSDT,open2,OPEN,CHR,-0.0004164924067023,0.0175,0.0175,317.0,5.5475,0.0004164924067023,1.0,0.005,2026,3,3,23
2026-03-03 23:46:45,CHRUSDT,open2,OPEN,CHR,-0.0004164924067023,0.0175,0.0175,536.0,9.38,0.0004164924067023,1.0,0.005,2026,3,3,23
2026-03-03 23:46:47,CHRUSDT,open2,OPEN,CHR,-0.0004164924067023,0.0175,0.0175,439.0,7.6825,0.0004164924067023,1.0,0.005,2026,3,3,23
2026-03-03 23:46:50,CHRUSDT,open2,OPEN,CHR,-0.0004164924067023,0.0175,0.0175,324.0,5.67,0.0004164924067023,1.0,0.005,2026,3,3,23
2026-03-03 23:47:22,CHRUSDT,open2,OPEN,CHR,-0.0004164924067023,0.0175,0.0175,1928.0,33.74,0.0004164924067023,1.0,0.005,2026,3,3,23
2026-03-03 23:47:22,CHRUSDT,open2,OPEN,CHR,-0.0004164924067023,0.0175,0.0175,987.0,17.2725,0.0004164924067023,1.0,0.02,2026,3,3,23
2026-03-03 23:47:30,CHRUSDT,open2,OPEN,CHR,-0.0004164924067023,0.0175,0.0175,1418.0,24.815,0.0004164924067023,1.0,0.005,2026,3,3,23
2026-03-03 23:47:30,CHRUSDT,open2,OPEN,CHR,-0.0004164924067023,0.0175,0.0175,320.0,5.6,0.0004164924067023,1.0,0.006,2026,3,3,23
2026-03-03 23:47:49,SFPUSDT,open2,OPEN,SFP,-0.0013804472807364,0.273,0.2737,36.0,9.828,-0.0011770974762967,-0.8526928139325807,-1772581622.297,2026,3,3,23
2026-03-03 23:48:16,AVAXUSDT,open2,OPEN,AVAX,-0.0001201556994197,9.19,9.189,1.0,9.19,1.13417712369e-05,0.09439228677187886,0.004,2026,3,3,23
2026-03-03 23:48:18,TAOUSDT,open2,OPEN,TAO,-0.0002320475529353,183.9,183.86,0.051,9.3789,1.4538036894e-05,0.062651110559453,0.006,2026,3,3,23
2026-03-03 23:48:19,TAOUSDT,open2,OPEN,TAO,-0.0002320475529353,183.9,183.86,0.378,69.5142,1.4538036894e-05,0.062651110559453,0.005,2026,3,3,23
2026-03-03 23:48:19,TAOUSDT,open2,OPEN,TAO,-0.0002320475529353,183.9,183.86,0.1,18.39,1.4538036894e-05,0.062651110559453,0.005,2026,3,3,23
2026-03-03 23:48:20,TAOUSDT,open2,OPEN,TAO,-0.0002320475529353,183.9,183.86,0.31,57.009,1.4538036894e-05,0.062651110559453,0.005,2026,3,3,23
2026-03-03 23:48:28,TAOUSDT,open2,OPEN,TAO,-0.0002320475529353,184.0,183.96,0.132,24.288,1.46562485875e-05,0.06316053930371111,0.005,2026,3,3,23
2026-03-03 23:48:32,KAITOUSDT,open2,OPEN,KAITO,-0.000695658665015,0.3713,0.3708,53.9,19.98612,-0.0006509613188255,-0.9357481643838416,0.011,2026,3,3,23
2026-03-03 23:48:35,DASHUSDT,close2,CLOSE,DASH,-0.0012167280853471,34.25,34.27,0.175,5.99375,-0.0006331272683059,-0.5203523087290992,-1772581715.425,2026,3,3,23
2026-03-03 23:48:38,DASHUSDT,open2,OPEN,DASH,-0.0006711290236784,34.26,34.32,0.584,20.00784,-0.0010771227245733,-1.6049413548972802,-1772581718.034,2026,3,3,23
2026-03-03 23:49:00,AVAXUSDT,open2,OPEN,AVAX,-0.0001216607439357,9.19,9.189,6.0,55.14,1.28468157529e-05,0.10559540684454292,0.005,2026,3,3,23
2026-03-03 23:49:00,AVAXUSDT,open2,OPEN,AVAX,-0.0001216607439357,9.19,9.189,3.0,27.57,1.28468157529e-05,0.10559540684454292,0.006,2026,3,3,23
2026-03-03 23:49:00,AVAXUSDT,open2,OPEN,AVAX,-0.0001216607439357,9.19,9.189,2.0,18.38,1.28468157529e-05,0.10559540684454292,0.005,2026,3,3,23
2026-03-03 23:49:19,TAOUSDT,open2,OPEN,TAO,-0.0002343679559072,184.1,184.07,0.066,12.1506,7.14130401006e-05,0.3047047956030158,0.005,2026,3,3,23
2026-03-03 23:49:19,TAOUSDT,open2,OPEN,TAO,-0.0002343679559072,184.1,184.07,0.076,13.9916,7.14130401006e-05,0.3047047956030158,0.005,2026,3,3,23
2026-03-03 23:49:20,TAOUSDT,open2,OPEN,TAO,-0.0002343679559072,184.1,184.07,0.046,8.4686,7.14130401006e-05,0.3047047956030158,0.005,2026,3,3,23
2026-03-03 23:49:20,TAOUSDT,open2,OPEN,TAO,-0.0002343679559072,184.1,184.07,0.122,22.4602,7.14130401006e-05,0.3047047956030158,0.01,2026,3,3,23
2026-03-03 23:49:21,TAOUSDT,open2,OPEN,TAO,-0.0002343679559072,184.1,184.07,0.046,8.4686,7.14130401006e-05,0.3047047956030158,0.004,2026,3,3,23
2026-03-03 23:49:24,SUSHIUSDT,open2,OPEN,SUSHI,-0.0010179621913314,0.2038,0.2041,99.0,20.1762,-0.0004519055205744,-0.4439315373622566,24.092,2026,3,3,23
2026-03-03 23:49:25,TAOUSDT,open2,OPEN,TAO,-0.0002343679559072,184.2,184.16,0.365,67.233,1.7212689892e-05,0.07344301752077197,0.006,2026,3,3,23
2026-03-03 23:49:25,TAOUSDT,open2,OPEN,TAO,-0.0002343679559072,184.2,184.16,0.222,40.8924,1.7212689892e-05,0.07344301752077197,0.005,2026,3,3,23
2026-03-03 23:49:27,TAOUSDT,open2,OPEN,TAO,-0.0002343679559072,184.3,184.26,0.067,12.3481,1.7330516949e-05,0.07394576140717021,0.005,2026,3,3,23
2026-03-03 23:49:37,FLUXUSDT,open2,OPEN,FLUX,-0.0010705209543685,0.0597,0.05964,336.0,20.03904,6.54958287403e-05,0.061181267375505013,31.204,2026,3,3,23
2026-03-03 23:49:48,CGPTUSDT,close2,CLOSE,CGPT,-0.0021237011365705,0.02217,0.02212,903.0,9.1798,0.0001315988183234,0.06196673159760836,-1772581786.191,2026,3,3,23
2026-03-03 23:50:43,DEXEUSDT,open2,OPEN,DEXE,-0.0011762543313853,3.433,3.439,4.97,17.06201,-0.0005684388933892,-0.48326189177109113,-1772581843.326,2026,3,3,23
2026-03-03 23:50:48,KAITOUSDT,open2,OPEN,KAITO,-0.0006794602201572,0.3693,0.3687,54.2,6.52599,-0.0009452351494608,-1.3911559814967684,0.007,2026,3,3,23
2026-03-03 23:50:48,KAITOUSDT,open2,OPEN,KAITO,-0.0006794602201572,0.3693,0.3687,54.2,13.45755,-0.0009452351494608,-1.3911559814967684,0.007,2026,3,3,23
2026-03-03 23:51:12,KAITOUSDT,open2,OPEN,KAITO,-0.0006794602201572,0.3695,0.369,27.1,9.9999,-0.0006737197527791,-0.9915514297852908,0.01,2026,3,3,23
2026-03-03 23:51:24,KAITOUSDT,open2,OPEN,KAITO,-0.0006794602201572,0.3681,0.3677,54.4,12.61211,-0.0004072010132032,-0.5993007406805801,-1772581884.566,2026,3,3,23
2026-03-03 23:51:24,KAITOUSDT,open2,OPEN,KAITO,-0.0006794602201572,0.3681,0.3677,54.4,7.39077,-0.0004072010132032,-0.5993007406805801,-1772581884.566,2026,3,3,23
2026-03-03 23:51:34,ZRXUSDT,open2,OPEN,ZRX,-0.0020047158896958,0.1033,0.1035,194.0,20.0402,7.23487399373e-05,0.03608927345224881,31.44,2026,3,3,23
2026-03-03 23:51:49,ALTUSDT,open2,OPEN,ALT,-0.0011089698493742,0.00734,0.00733,818.0,5.99594,-0.0002534279707892,-0.2285255734700193,680.121,2026,3,3,23
2026-03-03 23:52:19,SFPUSDT,open2,OPEN,SFP,-0.0013718768014182,0.2729,0.2731,36.0,9.8244,0.0006395443224728,0.466182037491749,-1772581923.987,2026,3,3,23
2026-03-03 23:52:23,SCRUSDT,open2,OPEN,SCR,-0.0016615047770271,0.04455,0.0446,135.0,6.01425,0.0005404285438432,0.325264514020946,-1772581936.966,2026,3,3,23
2026-03-03 23:52:38,CGPTUSDT,close2,CLOSE,CGPT,-0.0021281861307398,0.02206,0.02202,392.0,8.63184,-0.0003149495033599,-0.147989641888333,1.349,2026,3,3,23
2026-03-03 23:52:48,SCRUSDT,open2,OPEN,SCR,-0.0016615047770271,0.04456,0.0446,135.0,6.0156,0.00076464379048,0.46021161121676885,-1772581943.241,2026,3,3,23
2026-03-03 23:53:54,CGPTUSDT,close2,CLOSE,CGPT,-0.0021267196053624,0.02207,0.02203,456.0,10.04568,-0.0003143045623175,-0.1477884350739041,0.008,2026,3,3,23
2026-03-03 23:53:56,CGPTUSDT,close2,CLOSE,CGPT,-0.0021267196053624,0.02209,0.02204,689.0,15.18556,0.0001367480270504,0.06429997951097915,1.776,2026,3,3,23
2026-03-03 23:54:03,SCRUSDT,open2,OPEN,SCR,-0.0013809189881455,0.04461,0.04455,131.0,5.84391,3.59290755699e-05,0.026018235594074075,0.005,2026,3,3,23
2026-03-03 23:54:21,SCRUSDT,open2,OPEN,SCR,-0.0015705699949811,0.04459,0.04451,449.0,19.94048,-0.0002235542481226,-0.14233956387616473,47.588,2026,3,3,23
2026-03-03 23:54:34,ZKCUSDT,close2,CLOSE,ZKC,-0.0033793832579538,0.0823,0.082,150.0,12.345,0.0002658172280728,0.07865850298191719,0.004,2026,3,3,23
2026-03-03 23:55:18,FORMUSDT,close2,CLOSE,FORM,-0.0018165909930656,0.3262,0.3264,47.6,15.52712,-0.0012038458950264,-0.6626950698433455,-1772582118.41,2026,3,3,23
2026-03-03 23:55:31,FORMUSDT,close2,CLOSE,FORM,-0.0018991909930656,0.3276,0.3274,61.1,20.00414,-0.001288690382565,-0.6785470167404523,0.006,2026,3,3,23
2026-03-03 23:55:43,GPSUSDT,close2,CLOSE,GPS,-0.0024211822076969,0.00907,0.009048,631.0,5.72317,4.396623615e-06,0.001815899522565135,0.004,2026,3,3,23
2026-03-03 23:55:48,FLUXUSDT,open2,OPEN,FLUX,-0.0010600387815346,0.0596,0.05949,336.0,19.98864,-0.0007855988023579,-0.7411038313339839,285.228,2026,3,3,23
2026-03-03 23:56:14,STXUSDT,open2,OPEN,STX,-0.0008056632373645,0.2559,0.2561,79.0,20.2161,2.4718293983e-05,0.030680677529558036,-1772582171.755,2026,3,3,23
2026-03-03 23:56:43,KNCUSDT,close2,CLOSE,KNC,-0.0027767878758636,0.1373,0.1369,810.0,111.213,0.0001365406019222,0.0491721399063423,0.005,2026,3,3,23
2026-03-03 23:57:00,SUSHIUSDT,open2,OPEN,SUSHI,-0.0010041231331718,0.2033,0.2035,99.0,20.1267,2.13221503708e-05,0.02123459729828961,-1772582211.332,2026,3,3,23
2026-03-03 23:58:54,KNCUSDT,close2,CLOSE,KNC,-0.0027688422825055,0.1370896218487394,0.1368,238.0,32.62733,-0.0006561962278023,-0.23699299593493423,0.003,2026,3,3,23
2026-03-03 23:58:57,KNCUSDT,close2,CLOSE,KNC,-0.0026187420736479,0.1367,0.1371,146.0,19.9582,0.0002988363362718,0.11411445948761263,0.006,2026,3,3,23
2026-03-03 23:58:58,STORJUSDT,close2,CLOSE,STORJ,-0.0030843654920435,0.093,0.0928,82.0,7.626,-0.0009338278576349,-0.3027617382063908,0.004,2026,3,3,23
2026-03-03 23:58:59,KNCUSDT,close2,CLOSE,KNC,-0.0027688422825055,0.1371,0.1367,131.0,17.9601,0.0001487361274142,0.05371780413567292,0.005,2026,3,3,23
2026-03-03 23:59:04,KNCUSDT,close2,CLOSE,KNC,-0.0027688422825055,0.1371,0.1367,87.0,11.9277,0.0001487361274142,0.05371780413567292,0.003,2026,3,3,23
2026-03-03 23:59:06,KNCUSDT,close2,CLOSE,KNC,-0.0027688422825055,0.1371,0.1367,102.0,13.9842,0.0001487361274142,0.05371780413567292,0.003,2026,3,3,23
2026-03-03 23:59:10,ARKUSDT,close2,CLOSE,ARK,-0.0022193184216295,0.1779,0.1776,44.0,7.8276,-0.0005329777808201,-0.24015381282185247,0.006,2026,3,3,23
2026-03-03 23:59:15,KNCUSDT,close2,CLOSE,KNC,-0.0027688422825055,0.1371,0.1367,254.0,34.8234,0.0001487361274142,0.05371780413567292,0.006,2026,3,3,23
2026-03-03 23:59:30,DEXEUSDT,open2,OPEN,DEXE,-0.0011811101506082,3.43,3.4344991423670668,5.83,19.9969,-0.0001288748517365,-0.10911332162384456,0.006,2026,3,3,23
2026-03-04 00:00:03,1INCHUSDT,open2,OPEN,1INCH,-0.0010895790805532,0.0981,0.0981,204.0,20.0124,0.0010895790805532,1.0,0.018,2026,3,4,0
2026-03-04 00:00:03,1INCHUSDT,close2,CLOSE,1INCH,-0.0017507790805532,0.0984,0.0985,204.0,20.094,-0.0027670392431548,-1.580461677826587,0.006,2026,3,4,0
2026-03-04 00:00:04,1INCHUSDT,open2,OPEN,1INCH,-0.0011721790805532,0.0983,0.0987,204.0,20.0532,-0.0028805058231955,-2.4573939861101,-1772582404.219,2026,3,4,0
2026-03-04 00:00:04,1INCHUSDT,close2,CLOSE,1INCH,-0.0017507790805532,0.0987,0.0984,204.0,20.0736,0.0012887345972583,0.7360920698521791,0.005,2026,3,4,0
2026-03-04 00:00:06,DEXEUSDT,open2,OPEN,DEXE,-0.0011811101506082,3.433,3.436,5.83,20.01439,0.0003080018851833,0.2607732098692893,2.091,2026,3,4,0
2026-03-04 00:00:15,DUSDT,open2,OPEN,D,-0.0009623695677908,0.00705,0.007044,1367.0,9.63735,0.0001113057380036,0.11565799847465215,0.008,2026,3,4,0
2026-03-04 00:00:15,DUSDT,open2,OPEN,D,-0.0009623695677908,0.00705,0.007044,1093.0,7.70565,0.0001113057380036,0.11565799847465215,0.003,2026,3,4,0
2026-03-04 00:00:20,1INCHUSDT,open2,OPEN,1INCH,-0.0010895790805532,0.0962,0.0962,208.0,20.0096,0.0010895790805532,1.0,0.218,2026,3,4,0
2026-03-04 00:00:20,KNCUSDT,close2,CLOSE,KNC,-0.0027092861241767,0.1375,0.137,146.0,20.002,0.0009270775121869,0.34218516232523094,220.166,2026,3,4,0
2026-03-04 00:00:23,1INCHUSDT,close2,CLOSE,1INCH,-0.0017507790805532,0.096,0.0957,208.0,19.9056,0.0013742209194467,0.784919659316744,0.3,2026,3,4,0
2026-03-04 00:00:47,KAITOUSDT,open2,OPEN,KAITO,-0.0007216087004166,0.3673,0.367,18.1,6.6427,-9.51623314374e-05,-0.13187525508279038,1.656,2026,3,4,0
2026-03-04 00:01:02,DEXEUSDT,open2,OPEN,DEXE,-0.0011586336810899,3.433,3.438,5.83,20.01439,-0.0002957002339769,-0.2552146021672196,-1772582460.384,2026,3,4,0
2026-03-04 00:01:06,DEXEUSDT,open2,OPEN,DEXE,-0.0011586336810899,3.435,3.439,2.16,5.94255,-4.4951354264e-06,-0.003879686478794169,-1772582463.134,2026,3,4,0
2026-03-04 00:01:12,TONUSDT,close2,CLOSE,TON,-0.0013649414067311,1.252,1.2517,7.2,9.0144,-0.0011253247933126,-0.8244491578635906,0.003,2026,3,4,0
2026-03-04 00:01:12,SAGAUSDT,open2,OPEN,SAGA,-0.0007971527872018,0.0326,0.03257042,184.1,5.996214322,-0.0001102091759883,-0.13825351646220918,11.568,2026,3,4,0
2026-03-04 00:01:13,VANAUSDT,open2,OPEN,VANA,-0.0007127806456469,1.434,1.433,3.84,5.50656,1.54305759119e-05,0.021648421581222422,0.003,2026,3,4,0
2026-03-04 00:01:14,SAGAUSDT,open2,OPEN,SAGA,-0.0006202670832789,0.0326,0.03259,693.8,22.61788,0.0003135186170212,0.5054574480461796,0.003,2026,3,4,0
2026-03-04 00:01:18,DASHUSDT,close2,CLOSE,DASH,-0.0012091126707142,34.12,34.17,0.586,19.99432,0.0002541592052003,0.21020307813842773,2.937,2026,3,4,0
2026-03-04 00:01:23,ARKUSDT,close2,CLOSE,ARK,-0.0021528666980382,0.1782,0.1779,113.0,20.1027,-0.0004693650145366,-0.2180186144196986,204.579,2026,3,4,0
2026-03-04 00:01:30,SAGAUSDT,open2,OPEN,SAGA,-0.0007971527872018,0.0326,0.03256,615.4,20.037424,-0.0004298410778288,-0.5392204414634824,14.742,2026,3,4,0
2026-03-04 00:02:11,ZKUSDT,close2,CLOSE,ZK,-0.0014540112744986,0.01857,0.01854,608.0,11.29056,0.0001614976108001,0.11107039789343498,0.003,2026,3,4,0
2026-03-04 00:02:16,KAITOUSDT,open2,OPEN,KAITO,-0.0007596914232715,0.3691,0.3684,54.2,19.96728,-0.0011368135889202,-1.4964149312423174,-1772582536.924,2026,3,4,0
2026-03-04 00:02:37,SAGAUSDT,open2,OPEN,SAGA,-0.000804379659072,0.0325,0.03247,615.4,19.982038,-0.0001186972640048,-0.14756373146200533,17.568,2026,3,4,0
2026-03-04 00:02:50,OGUSDT,close2,CLOSE,OG,-0.002411601858026,2.782,2.787,7.2,20.0304,-0.0006175580833579,-0.25607795967755553,0.005,2026,3,4,0
2026-03-04 00:02:50,GMXUSDT,open2,OPEN,GMX,-0.001062678943385,7.09,7.085,1.75,12.39875,0.0003574603256135,0.3363765959969671,0.006,2026,3,4,0
2026-03-04 00:03:05,SAGAUSDT,open2,OPEN,SAGA,-0.0006280350054826,0.0325,0.03248,308.6,10.0295,1.2650390098e-05,0.020142810492353176,0.003,2026,3,4,0
2026-03-04 00:03:06,SAGAUSDT,open2,OPEN,SAGA,-0.0006280350054826,0.0325,0.03248,547.5,17.79375,1.2650390098e-05,0.020142810492353176,0.004,2026,3,4,0
2026-03-04 00:03:07,SAGAUSDT,open2,OPEN,SAGA,-0.0006280350054826,0.0325,0.03248,221.1,7.18575,1.2650390098e-05,0.020142810492353176,0.004,2026,3,4,0
2026-03-04 00:03:15,RLCUSDT,open2,OPEN,RLC,-0.0010377200979457,0.36,0.3595,55.6,19.9882,-0.0003511687909431,-0.3384041531413756,12.178,2026,3,4,0
2026-03-04 00:03:35,LPTUSDT,close2,CLOSE,LPT,-0.0016484916195352,2.291,2.288,2.4,5.4984,-0.0003390197731799,-0.2056545323994357,0.072,2026,3,4,0
2026-03-04 00:03:52,SAGAUSDT,open2,OPEN,SAGA,-0.0006219618376086,0.0325,0.03248,267.7,8.70025,6.577222224e-06,0.01057496107685475,0.006,2026,3,4,0
2026-03-04 00:03:56,SAGAUSDT,open2,OPEN,SAGA,-0.0006219618376086,0.0325,0.03248,227.6,7.397,6.577222224e-06,0.01057496107685475,0.006,2026,3,4,0
2026-03-04 00:03:56,TWTUSDT,open2,OPEN,TWT,-0.0010358530301548,0.4802,0.4808,21.0,10.0842,-0.0002120671029566,-0.2047270189718982,4.475,2026,3,4,0
2026-03-04 00:04:02,TWTUSDT,open2,OPEN,TWT,-0.0009532530301548,0.4801,0.4798,21.0,10.0758,0.0003283832113671,0.3444869315692324,0.009,2026,3,4,0
2026-03-04 00:04:10,TWTUSDT,open2,OPEN,TWT,-0.0009532530301548,0.48,0.4799,13.0,6.2387,0.0007449196968215,0.7814501221155642,6.405,2026,3,4,0
2026-03-04 00:04:11,TWTUSDT,open2,OPEN,TWT,-0.0010358530301548,0.48,0.4807,42.0,20.16,-0.000420356664041,-0.4058072446611282,-1772582651.157,2026,3,4,0
2026-03-04 00:05:04,DEXEUSDT,open2,OPEN,DEXE,-0.0010691452303846,3.431,3.424,5.84,19.99616,-0.0009710762793792,-0.9082734990361208,0.009,2026,3,4,0
2026-03-04 00:05:04,CETUSUSDT,close2,CLOSE,CETUS,-0.00198165675244,0.01638,0.01641,1217.0,19.93446,-0.0001535031875405,-0.07746204651814327,0.073,2026,3,4,0
2026-03-04 00:05:11,TWTUSDT,open2,OPEN,TWT,-0.0009532878936018,0.4804,0.4801,21.0,10.0821,0.0003288082932688,0.3449202444252872,26.473,2026,3,4,0
2026-03-04 00:05:11,TWTUSDT,open2,OPEN,TWT,-0.0009532878936018,0.4804,0.48,42.0,20.16,0.0001206484264911,0.12656032590034794,0.033,2026,3,4,0
2026-03-04 00:05:12,TWTUSDT,open2,OPEN,TWT,-0.0009532878936018,0.4803,0.4798,42.0,20.1516,-8.7728138045e-05,-0.09202690880038084,-1772582711.999,2026,3,4,0
2026-03-04 00:05:13,TWTUSDT,open2,OPEN,TWT,-0.0009532878936018,0.4801,0.4796,42.0,20.1432,-8.81618043777e-05,-0.09248182523812293,0.007,2026,3,4,0
2026-03-04 00:05:26,ZKCUSDT,close2,CLOSE,ZKC,-0.0034440507721045,0.0822,0.0819,202.0,16.6044,0.0002055842643917,0.05969257656038473,0.004,2026,3,4,0
2026-03-04 00:05:27,GPSUSDT,open2,OPEN,GPS,-0.0017581075897844,0.00905,0.009027,2210.0,19.94967,-0.0007833288743039,-0.44555229660316814,0.005,2026,3,4,0
2026-03-04 00:05:27,ZKCUSDT,close2,CLOSE,ZKC,-0.0034440507721045,0.0822,0.0819,145.0,11.919,0.0002055842643917,0.05969257656038473,0.004,2026,3,4,0
2026-03-04 00:05:27,ZKCUSDT,close2,CLOSE,ZKC,-0.0034440507721045,0.0822,0.0819,131.0,10.7682,0.0002055842643917,0.05969257656038473,0.004,2026,3,4,0
2026-03-04 00:05:39,GPSUSDT,close2,CLOSE,GPS,-0.0028467606266843,0.009,0.008972,1719.0,15.422868,0.0002643504844267,0.09286010279501308,0.004,2026,3,4,0
2026-03-04 00:05:40,GPSUSDT,close2,CLOSE,GPS,-0.0028467606266843,0.00901,0.0089754,1843.0,16.5416622,0.0009934169537817,0.3489639924304981,1.15,2026,3,4,0
